{
    "$schema": "https://schema.management.azure.com/schemas/2015-01-01/deploymentTemplate.json#",
    "contentVersion": "1.0.0.0",
    "parameters": {
        "myWebAppName": {
            "type": "string"
        },
        "myAppServicePlanName": {
            "type": "string",
            "minLength": 1
        },
        "myAppServicePlanSKU": {
            "type": "string",
            "allowedValues": [
                "Free",
                "Shared",
                "Basic",
                "Standard"
            ],
            "defaultValue": "Free"
        },
        "myAppServicePlanWorkerSize": {
            "type": "string",
            "allowedValues": [
                "0",
                "1",
                "2"
            ],
            "defaultValue": "0"
        }
    },
    "resources": [
        {
            "name": "[parameters('myAppServicePlanName')]",
            "type": "Microsoft.Web/serverfarms",
            "location": "[resourceGroup().location]",
            "apiVersion": "2014-06-01",
            "dependsOn": [],
            "tags": {
                "displayName": "myAppServicePlan"
            },
            "properties": {
                "name": "[parameters('myAppServicePlanName')]",
                "sku": "[parameters('myAppServicePlanSKU')]",
                "workerSize": "[parameters('myAppServicePlanWorkerSize')]",
                "numberOfWorkers": 1
            }
        },
        {
            "name": "[parameters('myWebAppName')]",
            "type": "Microsoft.Web/sites",
            "location": "[resourceGroup().location]",
            "apiVersion": "2015-08-01",
            "dependsOn": [
                "[concat('Microsoft.Web/serverfarms/', parameters('myAppServicePlanName'))]"
            ],
            "tags": {
                "[concat('hidden-related:', resourceGroup().id, '/providers/Microsoft.Web/serverfarms/', parameters('myAppServicePlanName'))]": "Resource", "displayName": "myWebApp"
            },
            "properties": {
                "name": "[parameters('myWebAppName')]",
                "serverFarmId": "[resourceId('Microsoft.Web/serverfarms/', parameters('myAppServicePlanName'))]"
            }
        }
    ]
}